{
  "hash": "b62f5d34",
  "configHash": "72db9c24",
  "lockfileHash": "4368c25c",
  "browserHash": "79609365",
  "optimized": {
    "@angular/common": {
      "src": "../../../../../node_modules/@angular/common/fesm2022/common.mjs",
      "file": "@angular_common.js",
      "fileHash": "7a3643e1",
      "needsInterop": false
    },
    "@angular/common/http": {
      "src": "../../../../../node_modules/@angular/common/fesm2022/http.mjs",
      "file": "@angular_common_http.js",
      "fileHash": "a6d2b981",
      "needsInterop": false
    },
    "@angular/core": {
      "src": "../../../../../node_modules/@angular/core/fesm2022/core.mjs",
      "file": "@angular_core.js",
      "fileHash": "e402560f",
      "needsInterop": false
    },
    "@angular/forms": {
      "src": "../../../../../node_modules/@angular/forms/fesm2022/forms.mjs",
      "file": "@angular_forms.js",
      "fileHash": "0d002c95",
      "needsInterop": false
    },
    "@angular/platform-browser": {
      "src": "../../../../../node_modules/@angular/platform-browser/fesm2022/platform-browser.mjs",
      "file": "@angular_platform-browser.js",
      "fileHash": "fcb733fe",
      "needsInterop": false
    },
    "@angular/platform-server": {
      "src": "../../../../../node_modules/@angular/platform-server/fesm2022/platform-server.mjs",
      "file": "@angular_platform-server.js",
      "fileHash": "2467592a",
      "needsInterop": false
    },
    "@angular/router": {
      "src": "../../../../../node_modules/@angular/router/fesm2022/router.mjs",
      "file": "@angular_router.js",
      "fileHash": "7fd40c7e",
      "needsInterop": false
    },
    "tslib": {
      "src": "../../../../../node_modules/tslib/tslib.es6.mjs",
      "file": "tslib.js",
      "fileHash": "9812ed52",
      "needsInterop": false
    }
  },
  "chunks": {
    "xhr2-JDAPKF6S": {
      "file": "xhr2-JDAPKF6S.js"
    },
    "chunk-OAWEFC5Y": {
      "file": "chunk-OAWEFC5Y.js"
    },
    "chunk-OIOAX3RD": {
      "file": "chunk-OIOAX3RD.js"
    },
    "chunk-64RZX3U4": {
      "file": "chunk-64RZX3U4.js"
    },
    "chunk-MVH4IRTM": {
      "file": "chunk-MVH4IRTM.js"
    },
    "chunk-NQ4HTGF6": {
      "file": "chunk-NQ4HTGF6.js"
    }
  }
}